Payment Number,Beginning Balance,Principal Payment,Interest Payment,Total Payment,Ending Balance
1,6000000.0,28054.87,120000.0,148054.87,5971945.13
2,5971945.13,28615.97,119438.9,148054.87,5943329.16
3,5943329.16,29188.29,118866.58,148054.87,5914140.87
4,5914140.87,29772.05,118282.82,148054.87,5884368.82
5,5884368.82,30367.49,117687.38,148054.87,5854001.33
6,5854001.33,30974.84,117080.03,148054.87,5823026.48
7,5823026.48,31594.34,116460.53,148054.87,5791432.14
8,5791432.14,32226.23,115828.64,148054.87,5759205.91
9,5759205.91,32870.75,115184.12,148054.87,5726335.16
10,5726335.16,33528.17,114526.7,148054.87,5692806.99
11,5692806.99,34198.73,113856.14,148054.87,5658608.26
12,5658608.26,34882.71,113172.17,148054.87,5623725.56
13,5623725.56,35580.36,112474.51,148054.87,5588145.2
14,5588145.2,36291.97,111762.9,148054.87,5551853.23
15,5551853.23,37017.81,111037.06,148054.87,5514835.42
16,5514835.42,37758.16,110296.71,148054.87,5477077.26
17,5477077.26,38513.33,109541.55,148054.87,5438563.94
18,5438563.94,39283.59,108771.28,148054.87,5399280.35
19,5399280.35,40069.26,107985.61,148054.87,5359211.08
20,5359211.08,40870.65,107184.22,148054.87,5318340.43
21,5318340.43,41688.06,106366.81,148054.87,5276652.37
22,5276652.37,42521.82,105533.05,148054.87,5234130.55
23,5234130.55,43372.26,104682.61,148054.87,5190758.29
24,5190758.29,44239.7,103815.17,148054.87,5146518.58
25,5146518.58,45124.5,102930.37,148054.87,5101394.08
26,5101394.08,46026.99,102027.88,148054.87,5055367.09
27,5055367.09,46947.53,101107.34,148054.87,5008419.57
28,5008419.57,47886.48,100168.39,148054.87,4960533.09
29,4960533.09,48844.21,99210.66,148054.87,4911688.88
30,4911688.88,49821.09,98233.78,148054.87,4861867.78
31,4861867.78,50817.52,97237.36,148054.87,4811050.27
32,4811050.27,51833.87,96221.01,148054.87,4759216.4
33,4759216.4,52870.54,95184.33,148054.87,4706345.86
34,4706345.86,53927.95,94126.92,148054.87,4652417.91
35,4652417.91,55006.51,93048.36,148054.87,4597411.39
36,4597411.39,56106.64,91948.23,148054.87,4541304.75
37,4541304.75,57228.78,90826.1,148054.87,4484075.98
38,4484075.98,58373.35,89681.52,148054.87,4425702.63
39,4425702.63,59540.82,88514.05,148054.87,4366161.81
40,4366161.81,60731.63,87323.24,148054.87,4305430.17
41,4305430.17,61946.27,86108.6,148054.87,4243483.91
42,4243483.91,63185.19,84869.68,148054.87,4180298.71
43,4180298.71,64448.9,83605.97,148054.87,4115849.82
44,4115849.82,65737.87,82317.0,148054.87,4050111.94
45,4050111.94,67052.63,81002.24,148054.87,3983059.31
46,3983059.31,68393.68,79661.19,148054.87,3914665.63
47,3914665.63,69761.56,78293.31,148054.87,3844904.07
48,3844904.07,71156.79,76898.08,148054.87,3773747.28
49,3773747.28,72579.93,75474.95,148054.87,3701167.35
50,3701167.35,74031.52,74023.35,148054.87,3627135.83
51,3627135.83,75512.15,72542.72,148054.87,3551623.67
52,3551623.67,77022.4,71032.47,148054.87,3474601.28
53,3474601.28,78562.85,69492.03,148054.87,3396038.43
54,3396038.43,80134.1,67920.77,148054.87,3315904.33
55,3315904.33,81736.78,66318.09,148054.87,3234167.55
56,3234167.55,83371.52,64683.35,148054.87,3150796.03
57,3150796.03,85038.95,63015.92,148054.87,3065757.08
58,3065757.08,86739.73,61315.14,148054.87,2979017.35
59,2979017.35,88474.52,59580.35,148054.87,2890542.82
60,2890542.82,90244.01,57810.86,148054.87,2800298.81
61,2800298.81,92048.89,56005.98,148054.87,2708249.91
62,2708249.91,93889.87,54165.0,148054.87,2614360.04
63,2614360.04,95767.67,52287.2,148054.87,2518592.37
64,2518592.37,97683.02,50371.85,148054.87,2420909.35
65,2420909.35,99636.68,48418.19,148054.87,2321272.67
66,2321272.67,101629.42,46425.45,148054.87,2219643.25
67,2219643.25,103662.01,44392.86,148054.87,2115981.24
68,2115981.24,105735.25,42319.62,148054.87,2010246.0
69,2010246.0,107849.95,40204.92,148054.87,1902396.05
70,1902396.05,110006.95,38047.92,148054.87,1792389.1
71,1792389.1,112207.09,35847.78,148054.87,1680182.01
72,1680182.01,114451.23,33603.64,148054.87,1565730.78
73,1565730.78,116740.26,31314.62,148054.87,1448990.52
74,1448990.52,119075.06,28979.81,148054.87,1329915.46
75,1329915.46,121456.56,26598.31,148054.87,1208458.9
76,1208458.9,123885.69,24169.18,148054.87,1084573.21
77,1084573.21,126363.41,21691.46,148054.87,958209.8
78,958209.8,128890.67,19164.2,148054.87,829319.13
79,829319.13,131468.49,16586.38,148054.87,697850.64
80,697850.64,134097.86,13957.01,148054.87,563752.78
81,563752.78,136779.82,11275.06,148054.87,426972.97
82,426972.97,139515.41,8539.46,148054.87,287457.55
83,287457.55,142305.72,5749.15,148054.87,145151.83
84,145151.83,145151.83,2903.04,148054.87,0.0
